이름,전화번호,이메일,거주지,나이,회원등급,선호카테고리,구매횟수,총구매금액,유입채널,가입일
최민준,010-5506-5012,최민준38@naver.com,경상남도 창원시 성산구,56,Bronze,도서·문구 / 전자제품,1,150000,제휴몰,2024-01-18
조동현,010-7873-4611,조동현67@company.co.kr,인천광역시 남동구 구월동,32,Silver,뷰티·헬스 / 생활용품,5,1340000,직접방문,2020-02-13
최수빈,010-6635-5333,최수빈15@daum.net,대구광역시 수성구 범어동,46,Bronze,스포츠 / 가구·인테리어,20,5660000,검색광고,2020-11-08
임지호,010-4814-2654,임지호58@kakao.com,부산광역시 남구 대연동,45,Bronze,뷰티·헬스 / 패션의류,9,2630000,SNS,2024-12-08
강성민,010-7216-5422,강성민91@company.co.kr,경기도 안양시 동안구,42,Gold,전자제품 / 생활용품,2,500000,검색광고,2021-10-23
한하은,010-9179-7482,한하은92@daum.net,경기도 고양시 일산동구,30,Bronze,스포츠 / 도서·문구,19,6640000,이메일,2022-04-05
안유진,010-2489-1771,안유진24@naver.com,경상남도 창원시 성산구,49,Silver,도서·문구 / 식품·음료,20,6170000,제휴몰,2020-11-24
최동현,010-5371-6573,최동현24@kakao.com,부산광역시 해운대구 우동,51,Bronze,스포츠 / 뷰티·헬스,6,2340000,직접방문,2024-10-07
정수빈,010-3646-9837,정수빈77@gmail.com,대구광역시 달서구 성당동,53,Bronze,뷰티·헬스 / 가구·인테리어,10,1820000,제휴몰,2020-02-24
황지호,010-9727-3060,황지호26@daum.net,대구광역시 수성구 범어동,38,Silver,도서·문구 / 패션의류,18,4370000,이메일,2022-08-17
권수아,010-5061-4681,권수아18@kakao.com,서울특별시 종로구 혜화동,36,Bronze,전자제품 / 생활용품,3,590000,검색광고,2024-04-09
황하은,010-9834-3167,황하은83@company.co.kr,부산광역시 해운대구 우동,52,Gold,식품·음료 / 전자제품,4,1090000,이메일,2023-12-02
최서연,010-7596-6559,최서연23@naver.com,경기도 수원시 영통구,56,Silver,도서·문구 / 패션의류,9,2410000,검색광고,2023-09-04
이동현,010-1241-2528,이동현40@naver.com,부산광역시 수영구 광안동,52,Bronze,도서·문구 / 전자제품,6,1300000,이메일,2022-08-10
신동현,010-8973-3536,신동현34@kakao.com,경기도 성남시 분당구,56,Bronze,뷰티·헬스 / 전자제품,2,690000,제휴몰,2021-01-17
박지우,010-2122-2113,박지우96@naver.com,부산광역시 해운대구 우동,58,Bronze,전자제품 / 뷰티·헬스,3,950000,제휴몰,2024-06-09
조지민,010-4910-5351,조지민60@naver.com,경상남도 진주시 초전동,51,Bronze,패션의류 / 전자제품,15,6630000,검색광고,2020-09-07
안예린,010-3170-6718,안예린18@naver.com,인천광역시 연수구 송도동,32,Silver,스포츠 / 뷰티·헬스,17,2890000,제휴몰,2022-11-04
정예린,010-2891-2753,정예린80@naver.com,인천광역시 연수구 송도동,35,Gold,식품·음료 / 도서·문구,9,2910000,검색광고,2020-11-14
장서연,010-1058-6464,장서연26@kakao.com,경기도 안양시 동안구,50,Silver,도서·문구 / 스포츠,1,150000,SNS,2024-01-27
오수현,010-3426-8041,오수현26@gmail.com,인천광역시 연수구 송도동,24,Gold,식품·음료 / 도서·문구,8,1410000,제휴몰,2023-10-24
정현우,010-3662-3900,정현우62@gmail.com,경기도 안양시 동안구,43,Gold,도서·문구 / 가구·인테리어,8,1620000,검색광고,2023-01-28
황현우,010-4269-8541,황현우54@kakao.com,경기도 수원시 영통구,23,Silver,도서·문구 / 생활용품,9,1960000,직접방문,2022-11-17
서동현,010-6425-1452,서동현24@kakao.com,경기도 화성시 동탄면,38,Bronze,도서·문구 / 생활용품,11,3400000,제휴몰,2020-07-19
조예린,010-1727-8144,조예린10@company.co.kr,대구광역시 수성구 범어동,45,Silver,뷰티·헬스 / 스포츠,11,2300000,직접방문,2024-05-22
신지민,010-7592-5844,신지민80@naver.com,경기도 용인시 수지구,46,Silver,생활용품 / 뷰티·헬스,19,4570000,검색광고,2022-05-07
신수현,010-6279-8618,신수현66@daum.net,경상남도 창원시 성산구,54,Silver,생활용품 / 도서·문구,3,760000,제휴몰,2022-02-27
윤도현,010-4680-4262,윤도현28@gmail.com,서울특별시 종로구 혜화동,52,Silver,패션의류 / 스포츠,14,5330000,이메일,2023-07-08
정민준,010-2746-7965,정민준38@naver.com,경상남도 진주시 초전동,25,Silver,패션의류 / 스포츠,5,1640000,제휴몰,2024-06-25
권지현,010-9270-7991,권지현80@daum.net,경기도 안양시 동안구,52,Silver,식품·음료 / 가구·인테리어,9,2910000,SNS,2022-08-03
임현우,010-5451-6502,임현우50@company.co.kr,서울특별시 송파구 잠실동,31,Bronze,생활용품 / 도서·문구,7,1200000,직접방문,2024-08-14
이하은,010-7883-7381,이하은84@gmail.com,대구광역시 달서구 성당동,52,Bronze,뷰티·헬스 / 생활용품,13,3890000,제휴몰,2024-04-16
윤예린,010-8140-8956,윤예린13@daum.net,인천광역시 부평구 부개동,47,Gold,가구·인테리어 / 패션의류,20,5210000,이메일,2024-10-22
김지호,010-8022-3223,김지호69@naver.com,서울특별시 서대문구 연희동,46,Bronze,가구·인테리어 / 생활용품,11,2790000,이메일,2022-02-16
김동현,010-1853-6733,김동현38@gmail.com,경상남도 창원시 성산구,23,VIP,식품·음료 / 가구·인테리어,1,300000,SNS,2023-11-04
류하은,010-8619-5198,류하은57@naver.com,대구광역시 수성구 범어동,32,VIP,패션의류 / 뷰티·헬스,1,260000,이메일,2023-12-07
박수현,010-4978-2669,박수현99@kakao.com,경상남도 창원시 성산구,58,Gold,뷰티·헬스 / 스포츠,14,3040000,직접방문,2020-07-27
황수아,010-8102-6934,황수아91@daum.net,경상남도 창원시 성산구,49,Bronze,스포츠 / 뷰티·헬스,18,5580000,제휴몰,2022-06-28
윤지호,010-5569-8385,윤지호41@daum.net,대구광역시 달서구 성당동,43,Bronze,뷰티·헬스 / 패션의류,16,3280000,직접방문,2022-05-20
장동현,010-1166-9464,장동현34@gmail.com,경기도 안양시 동안구,48,Silver,식품·음료 / 도서·문구,16,6470000,이메일,2020-02-10
윤태양,010-4986-6016,윤태양94@company.co.kr,인천광역시 연수구 송도동,57,Silver,도서·문구 / 뷰티·헬스,18,4390000,이메일,2022-05-09
윤수아,010-4155-6169,윤수아25@company.co.kr,경상남도 창원시 성산구,34,Bronze,가구·인테리어 / 생활용품,19,6470000,검색광고,2021-05-08
오지우,010-5952-1231,오지우78@naver.com,인천광역시 남동구 구월동,25,Silver,생활용품 / 도서·문구,16,3560000,제휴몰,2022-08-16
권지민,010-4020-1841,권지민42@daum.net,서울특별시 마포구 합정동,47,Silver,전자제품 / 생활용품,5,2100000,검색광고,2021-02-18
신지현,010-4697-9561,신지현58@daum.net,부산광역시 수영구 광안동,49,Bronze,전자제품 / 뷰티·헬스,4,930000,직접방문,2020-03-08
강동현,010-2229-3564,강동현10@daum.net,부산광역시 남구 대연동,52,Bronze,식품·음료 / 생활용품,10,2420000,SNS,2022-11-19
조나연,010-2880-9922,조나연38@naver.com,인천광역시 남동구 구월동,26,Bronze,스포츠 / 뷰티·헬스,19,4650000,이메일,2022-12-13
장채원,010-9847-9090,장채원66@gmail.com,대구광역시 수성구 범어동,49,Gold,스포츠 / 전자제품,3,850000,제휴몰,2024-01-25
장수현,010-1659-3870,장수현70@company.co.kr,경상남도 진주시 초전동,39,Bronze,도서·문구 / 뷰티·헬스,16,2820000,이메일,2022-06-22
최지우,010-6403-7744,최지우98@daum.net,인천광역시 부평구 부개동,47,Gold,전자제품 / 스포츠,3,690000,검색광고,2023-09-27
